No,KSP,KPR,PRD,RVT,RCM,Y
1,6.666666667,0,0,1.666666667,2.5,10
2,6.333333333,7,5.333333333,6.166666667,5.5,7
3,4.666666667,5.5,6.333333333,6.166666667,3,4
4,8.333333333,9,7,8,9,3
5,7,7.5,6.666666667,7.666666667,6,5
6,6,5.75,6,5.333333333,6,6
7,10,10,10,7.5,4.5,10
8,8,7.75,7,7.5,7,9
9,6.666666667,7.75,7.333333333,7.333333333,7,7
10,8,2.75,6.666666667,5.666666667,5,8
11,10,6.25,10,9.166666667,10,10
12,9.333333333,2.5,9,4.666666667,7.5,10
13,8,7,9,9,6.5,10
14,10,5.75,5.666666667,5.833333333,5,8
15,5,4,4.666666667,5.166666667,5,6
16,9,0,7.666666667,3,5,10
17,6.666666667,0,0,1.666666667,5,10
18,7.666666667,5.5,8.333333333,6.166666667,7.5,8
19,5,2.75,7,4.666666667,5.5,8
20,7,7,7,7,7,10
21,10,7,8,7.666666667,8.5,10
22,6.333333333,2.75,5,3.5,5,8
23,6.666666667,0,0.333333333,3.166666667,3.5,10
24,5.666666667,1,1.666666667,3.5,2,10
25,10,0,0,4.833333333,4,9
26,8.666666667,8.25,10,9.166666667,9,10
27,8.666666667,2,8,6,6,10
28,9,3,0,3,2,10
29,7.333333333,2,1.333333333,5.666666667,6.5,7
30,5.666666667,4.75,5.666666667,5.166666667,4,4
31,7,3.75,6.333333333,4.5,6,6
32,5,2.25,2,4,3,6
33,4.666666667,0.25,5.666666667,3,2.5,6
34,9,7.5,7.666666667,8.333333333,8,8
35,6.333333333,6,5.666666667,6.5,6,8
36,2.666666667,4.75,6,6.166666667,4,0
37,6.333333333,0,0,0,0,6
38,9.666666667,3,3,5.833333333,5,10
39,6.666666667,0,0,0,0,10
40,6,3.25,5.333333333,2.333333333,1.5,10
41,6,1.25,5,4.333333333,5,6
42,6.666666667,2.25,3.333333333,6.666666667,5.5,8
43,6.666666667,0,0,0.833333333,0,10
44,7,4.25,7,5.666666667,4.5,8
45,8,3,2.666666667,3,3.5,8
46,8.333333333,7,7.666666667,8,7.5,7
47,5,3,4.333333333,5.833333333,4.5,9
48,5.666666667,3,8.333333333,4.166666667,6,9
49,8.333333333,5.25,5.333333333,5.666666667,6,9
50,8.333333333,7.75,8,8,8,7
51,8,7.75,8.666666667,8.166666667,9,8
52,6.666666667,1.25,10,5.833333333,10,10
53,10,2,10,9.333333333,8.5,10
54,5.333333333,0,8.333333333,3.833333333,5.5,6
55,6.333333333,6.5,6.333333333,7,6.5,7
56,9.333333333,9,9.333333333,9,9,9
57,6.666666667,3.5,4,5.333333333,5.5,7
58,3.666666667,1.25,1,0.833333333,0.5,7
59,5.666666667,0.25,3.333333333,5.333333333,4.5,8
60,7.333333333,7,8,6.333333333,7.5,8
61,7.666666667,7.75,9,7.5,9,6
62,0,0,0,0,0,0
63,5,3.25,4.666666667,5,4.5,6
64,6.666666667,1.75,3,5.833333333,4.5,6
65,7.666666667,4.25,6,5.166666667,3.5,8
66,6,4.75,6.333333333,6.833333333,7.5,10
67,6.333333333,4.25,6.666666667,6,6,9
68,9,2,7.333333333,6,6,9
69,8.333333333,8.5,8.333333333,8,8,7
70,6.666666667,3,4.333333333,4.333333333,4.5,10
71,8,8.25,7.666666667,7.333333333,8.5,9
72,7,6.25,5,9.333333333,7.5,10
73,8.333333333,0,0,3.166666667,2.5,10
74,5,0,10,5,5,10
75,9,2.25,5.333333333,4.166666667,5,8
76,9.666666667,9.5,9.666666667,9.166666667,10,5
77,6.333333333,2.25,2,6.333333333,5,10
78,8.666666667,8.25,9.666666667,7.833333333,6.5,10
79,7,2.75,5.666666667,6.5,4.5,8
80,3.666666667,1,2,3.166666667,3,8
81,10,1.25,7,6.333333333,5,10
82,6,2,2,2.833333333,2,7
83,8.333333333,8.5,8.333333333,7.833333333,8,8
84,8,5.75,8,5,6,7
85,6.333333333,5,6,5.833333333,6.5,6
86,5,3.75,0,3,3.5,6
87,5.666666667,0,3.333333333,2.666666667,3.5,7
88,7.333333333,6,5.333333333,7.5,7.5,5
89,8,3.5,7,6.166666667,7.5,8
90,5.333333333,3.5,5.333333333,2.666666667,2.5,7
91,8.333333333,8.25,8,6.166666667,7.5,6
92,6.666666667,1.25,1.333333333,5,5,8
93,8.666666667,5.5,4.333333333,6.666666667,5.5,10
94,8.333333333,4,7,5.833333333,7,9
95,6.666666667,2,1,2.166666667,1.5,7
96,6,4.75,2,2.333333333,4.5,7
97,10,3.5,5.333333333,6,5,10
98,6,0,3.666666667,3.5,3.5,10
99,8,8,7.333333333,7.833333333,9,7
100,7,6.5,7,7.166666667,8,5
101,10,2.75,7,5.5,5,10
102,8.333333333,3.75,5,4,5,10
103,4.666666667,7.5,8.666666667,7.166666667,7,10
104,6,4.25,5,3.5,5,7
105,6.333333333,0,0,7.833333333,3.5,10
106,8.333333333,5,7.333333333,4.666666667,5.5,8
107,6,4.5,4.333333333,7,8,8
108,3,0.75,3,2.333333333,2,6
109,0,0,0,0,0,0
110,10,10,10,10,10,10
111,5,3.25,3.333333333,5,5.5,8
112,5,5,5,4.666666667,5,5
113,4,0.25,0,5.5,5,5
114,6.333333333,2.25,5.333333333,4.5,4.5,7
115,6.333333333,5.25,4.666666667,5.333333333,5,7
116,10,7,6,6.666666667,7.5,10
117,10,10,10,10,10,10
118,7,6.75,6.333333333,5,5,7
119,0,6,5,5.833333333,5,8
120,5,1.25,6,4,4.5,7
121,7,4,7.666666667,6,6.5,8
122,9,1.75,4.333333333,5.333333333,4.5,9
123,5,1,2.333333333,1,1,5
124,2,1.5,1,4.5,2.5,7
125,8,8.25,8,8.333333333,8,9
126,8.333333333,6.25,5.666666667,4.166666667,3.5,8
127,8,0,7.666666667,7.166666667,5.5,7
128,5.333333333,1.5,0,4.5,2,8
129,7,0,0,4.666666667,3.5,10
130,8.666666667,6.5,7,8.5,9,10
131,8.666666667,2,5.666666667,5.666666667,5.5,9
132,5.333333333,2.75,3,4,4,8
133,3.333333333,3.5,5.333333333,2.833333333,3.5,7
134,3.333333333,1.25,9,5,5,7
135,10,10,10,10,10,10
136,7.333333333,5.5,6,6.666666667,8,8
137,8.333333333,0.25,2.666666667,5.5,3,9
138,5,0,3.333333333,0,0,8
139,3,0,6.333333333,4.666666667,5,8
140,6.666666667,6.75,6,5.833333333,6.5,4
141,6,2,3,5.166666667,4.5,7
142,10,0,1.333333333,0,1,4
143,5,0.25,1.333333333,0,2,9
144,4.333333333,4,8.666666667,5.5,6,8
145,6.666666667,7.25,7.333333333,7.833333333,7.5,8
146,8.333333333,7.25,7.333333333,6.5,7,7
147,10,6,7,9,9,10
148,7.333333333,7.25,6.333333333,6.166666667,6.5,10
149,4.666666667,3,1.666666667,2.166666667,2,2
150,6.333333333,0,6.333333333,6,3.5,9
151,7.666666667,7,7,7.166666667,7.5,7
152,8.666666667,8.25,5.333333333,7.833333333,7,9
153,10,2.75,2,6.333333333,6,10
154,7,5,4.333333333,5.833333333,6,10
155,10,1.25,0,4,2.5,10
156,7,6,8,7.5,7,5
157,5.666666667,3,3.333333333,6,5,8
158,6.333333333,3.75,6.333333333,7.333333333,5,8
159,2.333333333,0,0,1.166666667,3,8
160,5.333333333,3,6.333333333,4.5,5,8
161,8,3.75,5.666666667,6.166666667,5,10
162,7,3,3.666666667,3.666666667,7,10
163,6,7,7.666666667,6.333333333,7.5,5
164,6,0.75,1,3.5,4,8
165,7.666666667,4.75,5.333333333,6.5,5,8
166,2.666666667,0,4,5.166666667,3.5,7
167,5.666666667,3,4,4.166666667,4,7
168,5,1.25,3,3,3,6
169,7.333333333,3.25,6.333333333,3.333333333,5,10
170,4.666666667,4,3,4,4.5,8
171,8,2.5,4.333333333,10,7.5,9
172,8.666666667,2.75,7.333333333,8.833333333,5.5,10
173,6.666666667,5.5,5.666666667,6.166666667,8,7
174,10,3.75,3.333333333,7,5,10
175,10,4.75,6.666666667,4.5,6.5,10
176,10,10,10,6.833333333,4.5,10
177,5.666666667,1.5,0,4.833333333,4.5,7
178,5.333333333,5,5,5.666666667,5,6
179,8,4.5,3.666666667,4.666666667,6.5,9
180,10,5.75,6.333333333,10,10,10
181,7,0,0,3,6,9
182,2.666666667,3,5.666666667,4.166666667,4,10
183,5.666666667,6.25,7,6.5,5.5,3
184,10,8.25,7.333333333,8,9.5,10
185,4.333333333,4.75,2,2.833333333,3,5
186,8.333333333,7,7.333333333,7.5,8.5,10
187,5,5,5,5,5,5
188,9.333333333,9,9,9.166666667,8.5,10
189,7,3.5,4.333333333,5,5.5,10
190,6.666666667,5.75,9.333333333,9.333333333,9.5,10
191,5.333333333,4.5,6,5.166666667,9,8
192,8.333333333,2.25,2.333333333,2.833333333,2,10
193,8,1.25,3.333333333,5.666666667,6.5,9
194,3.333333333,0,0,1.333333333,0,10
195,5.333333333,4.5,4.666666667,6.666666667,4.5,7
196,7.333333333,7.25,7.666666667,7.333333333,8,9
197,9.333333333,9.5,9.333333333,9,8,10
198,10,0.5,5.666666667,5,5,10
199,8,8.75,8.333333333,8.5,8,8
200,6,0.5,8.333333333,7.333333333,4.5,9
201,10,5,6.666666667,8.333333333,4.5,10
202,6,6.25,7.333333333,6.666666667,7.5,7
203,10,10,10,10,10,10
204,5,5.25,4.666666667,5,5,5
205,10,10,10,8.333333333,10,10
206,10,9.75,10,8.5,7.5,10
207,5,5.75,5.333333333,6.833333333,6,9
208,7,2,5.666666667,4.666666667,6,7
209,8.333333333,0,0,3.333333333,5,10
210,7,5.75,6.666666667,7.333333333,7,7
211,6.333333333,6.25,7.333333333,7.166666667,7,8
212,9,8.75,9.333333333,8.5,8,9
213,6.666666667,5,5,5.333333333,5,7
214,9,9.5,7.666666667,8.166666667,7.5,8
215,8.666666667,5,8.333333333,7.166666667,5,10
216,7,7.75,8.333333333,7.5,8,3
217,6.666666667,2.75,4,5.166666667,2,7
218,10,0,1.666666667,5.333333333,5,10
219,1.666666667,0,3,2.5,2.5,10
220,5.666666667,4.5,7.666666667,6.333333333,6.5,6
221,8.333333333,8,6.333333333,7.333333333,7.5,8
222,6,5,5.666666667,5.166666667,4,5
223,6.666666667,6.25,7.333333333,6.5,7,8
224,7.333333333,2.75,5,3.666666667,3.5,9
225,10,10,10,10,10,10
226,3.666666667,0,0,2,0,6
227,8.333333333,9.5,9,7.666666667,8,10
228,10,10,10,10,9,10
229,7.666666667,6.75,7.666666667,5.5,5.5,7
230,8,5.75,5,6.333333333,6,7
231,7,2,2,3,3,7
232,10,5.5,5,4.833333333,4,10
233,6.666666667,7.25,6.333333333,7.5,7.5,9
234,5.333333333,5,5,5.5,6,7
235,9.333333333,1,3,8.666666667,8,10
236,9.666666667,4.5,5.333333333,7.666666667,5.5,10
237,3.666666667,3.75,5.333333333,3.833333333,4.5,9
238,7.333333333,0.75,7.333333333,4.833333333,6.5,8
239,6.666666667,4,6.333333333,3.666666667,4.5,7
240,4.666666667,3.5,4.666666667,6.166666667,4.5,5
241,8.333333333,6.25,7,6,4.5,10
242,9.666666667,8.5,9.666666667,6.833333333,6.5,10
243,6.666666667,6.5,6.333333333,7.833333333,7.5,9
244,9,8,3,5.5,5,9
245,6,0.75,1.333333333,3.666666667,2.5,9
246,7.333333333,3,4.333333333,5,5,7
247,9.666666667,9.25,9.666666667,10,10,10
248,5.333333333,1.25,4.333333333,3.5,4.5,6
249,10,2.5,0,3.333333333,5,10
250,5.666666667,2.5,3,4.166666667,4.5,5
251,6.333333333,0,5,6.333333333,6.5,8
252,10,10,10,8.5,10,10
253,5,5,5,5,5,7
254,8,0,2.666666667,1.833333333,5,7
255,6,5.25,6.333333333,6.333333333,6.5,3
256,3.333333333,5.5,7.333333333,5.5,7,6
257,4.666666667,0,0,0,4,5
258,10,9.75,10,10,8,10
259,6,6,6.666666667,6.333333333,5.5,7
260,10,10,10,8.166666667,8.5,10
261,9,6.25,6,6.833333333,4,9
262,7,6,5.666666667,7.166666667,8.5,7
263,5,5.75,6,5.333333333,5.5,7
264,8,3.25,4.333333333,6.5,4.5,7
265,7,7,7,7,7,7
266,6.333333333,3,4,6.833333333,3,8
267,5,0,0,4.5,5.5,7
268,2.666666667,0,5.333333333,3,2.5,4
269,6,6,5,6.166666667,5.5,7
270,10,9.75,9,9.666666667,9,10
271,5.333333333,4.25,5.333333333,5.666666667,7,8
272,5.666666667,0,2,5,4.5,6
273,8.666666667,9,9,8.666666667,7.5,9
274,6,1.25,4.333333333,3,5,10
275,5,2.5,5,4.666666667,5,10
276,5.333333333,4.5,5.333333333,6,4.5,5
277,7.666666667,0,6,7.5,5.5,10
278,5,4.25,5.333333333,5.5,5.5,3
279,6,6.5,6,6.5,7,8
280,6.666666667,6.75,6.333333333,6.833333333,8,8
281,7,2.5,5.666666667,5.166666667,5,10
282,6.666666667,2.75,3,4.166666667,4,10
283,5.666666667,1,1,0,0,10
284,5.333333333,3.5,5,5.333333333,5.5,5
285,6,5,5,4.833333333,5,7
286,10,9,7,5.333333333,7,10
287,6,1.75,2.333333333,5.5,4,10
288,7.666666667,3.75,8,7.166666667,2,7
289,0,0,0,0,0,0
290,7,6.5,8.333333333,8.166666667,8,6
291,7,1.25,5,5.333333333,5,7
292,0,0,3.333333333,0,0,0
293,6.333333333,3.75,6.333333333,5.833333333,6,5
294,7,7,7,7,7,8
295,6,2,4.333333333,3.333333333,5,6
296,3.333333333,5.5,5,5,4.5,5
297,7,10,10,10,10,0
298,2,0,1.333333333,3,4.5,6
299,5,5,5,5,5,10
300,6,7.25,7.333333333,6.833333333,4.5,7
301,8,6.25,6.666666667,6.5,6,7
302,6.333333333,5,5,5.666666667,5,7
303,6.666666667,3,9,3.833333333,7.5,10
304,6,5.75,8.333333333,8.166666667,7.5,10
305,3.333333333,0,5,2.5,5.5,7
306,8.666666667,3.25,3.666666667,4.833333333,4,10
307,5,6.25,5,5.833333333,5.5,5
308,10,2,5,6.333333333,6.5,7
309,5,2.5,5,4.5,6,7
310,10,0,0,4.5,5,10
311,10,9.75,9.666666667,9.333333333,10,10
312,7,7,6.666666667,6.333333333,7,8
313,4.666666667,5.5,6.333333333,6.166666667,5,6
314,5,5,5,4.5,5,7
315,7,5.5,5,7.166666667,6.5,7
316,5.333333333,4.75,5,6.333333333,4.5,2
317,9,7.75,8,10,10,10
318,8.666666667,8.25,8.333333333,8.333333333,9,9
319,4.333333333,3.5,5.333333333,4.833333333,5,4
320,6,6.25,5.666666667,5.333333333,6,6
321,0,1.75,0,0,0,5
322,6.333333333,4.5,7,5.833333333,6.5,8
323,10,5.5,5.666666667,5.166666667,6,10
324,5,5,3.333333333,4.833333333,5,7
325,8,2.75,5,7.333333333,7.5,10
326,5.666666667,4.5,4.333333333,8.166666667,5,8
327,7,1.5,8,4.833333333,2.5,7
328,7,5.25,6,5.5,5.5,6
329,6,1.75,3,9,4,10
330,9.666666667,0,3.333333333,2.833333333,2.5,8
331,6,6,6,6,6,10
332,7.666666667,7.5,7.666666667,7.5,6,8
333,8.333333333,2.25,7,7.333333333,5.5,9
334,9,0,5.333333333,5.666666667,6,9
335,7.666666667,5.25,4.666666667,4.333333333,4,8
336,9.333333333,7.5,9,7.833333333,9.5,9
337,7,5,5,8,6.5,8
338,5,4.25,6.333333333,5.333333333,7,3
339,6.666666667,7.75,7.666666667,7.333333333,6.5,10
340,7,3.75,4.666666667,4.833333333,4,7
341,7.666666667,2.75,5,6.333333333,6.5,10
342,5.333333333,0,5.666666667,4,5,6
343,7,3.5,3,6.833333333,5,4
344,2,0,5.333333333,5,5,9
345,10,6,6.666666667,7.666666667,8,10
346,6.666666667,2,9,8.833333333,7.5,10
347,8.333333333,1,2.333333333,5,5.5,10
348,9.333333333,8,8.666666667,6.333333333,6,10
349,6.666666667,6.5,6.333333333,6.833333333,7,8
350,2,0,1,3,2,5
351,4,3.5,3.333333333,2.333333333,2.5,3
352,1,0.75,1,1,1.5,1
353,5,5,5,4.833333333,5,8
354,10,7.75,10,7.666666667,8,10
355,10,8,10,7,7,10
356,5,5,5,4.666666667,5,5
357,9.333333333,5,6.666666667,6,5.5,10
358,5.666666667,1.25,5,2.833333333,5,8
359,9,3,6,6.166666667,5.5,9
360,8.666666667,4.75,8,6.166666667,6.5,10
361,8,8.5,8.666666667,8.333333333,8,9
362,6.666666667,4.25,5,5,5,6
363,10,3.75,5,5,7.5,10
364,6,3.75,8,4.166666667,5,8
365,6,4.75,6,5.666666667,5,5
366,8,4.5,4.333333333,4.833333333,4.5,7
367,4,0.5,5.666666667,6.166666667,5.5,8
368,5.666666667,5.75,4.333333333,5.5,4.5,6
369,6.333333333,3,5,4.333333333,4,6
370,5.333333333,4,4.666666667,5,5,8
371,8,7.75,6,7.333333333,7,9
372,10,2.5,0,1.666666667,0,10
373,5,1,5.666666667,5.666666667,5.5,7
374,6,6,6,5.833333333,6,7
375,2,2,2,2.166666667,2,5
376,6.333333333,6.5,7,6.5,7,6
377,5,0,0,2.833333333,2,10
378,6.666666667,0,3.333333333,4.166666667,5,8
379,8,5.5,6,7.666666667,6.5,8
380,10,0,7,6.833333333,4.5,10
381,5.333333333,4,4.666666667,6,4.5,7
382,6.666666667,6.5,7.333333333,6.5,6.5,8
383,5,6.25,6.333333333,6.5,7,8
384,6.333333333,4.75,6,9.666666667,6.5,7
385,7.333333333,8.25,8.333333333,8.666666667,8.5,10
386,5.666666667,5,6,4.833333333,5,8
387,7,6.5,4.666666667,5.666666667,8,8
388,6.666666667,2.25,2,3.5,4,7
389,6.666666667,1.75,6.333333333,6.5,6,9
390,7,5,5,7,5,7
391,6.666666667,7,6.666666667,6.5,6.5,7
392,7.333333333,5.5,5.333333333,4.166666667,6,8
393,5,5,4,4.166666667,5,8
394,7,5.5,7,7,6.5,7
395,5,6.25,6.666666667,5.333333333,5,7
396,10,10,10,5.833333333,3.5,10
397,5,0.25,1.333333333,2.5,4.5,4
398,6,5.75,8,5.666666667,7.5,5
399,6.666666667,7.5,6.666666667,6.666666667,7.5,10
400,8,7.5,7.333333333,7.333333333,7.5,9
401,8,3.75,6.333333333,8.333333333,5,10
402,6.666666667,3,4.666666667,8.333333333,5,9
403,6,6,6.666666667,4.5,4.5,5
404,3.333333333,5,10,10,10,10
405,10,0,5,5.5,2.5,10
406,0,2,3.666666667,9,6.5,10
407,5.333333333,3.75,5,6.166666667,8.5,10
408,10,10,9.666666667,9.833333333,9.5,10
409,10,10,3.333333333,0,5,10
410,7.666666667,4.5,6.333333333,8,7.5,8
411,10,10,10,10,10,10
412,6.666666667,4,5.666666667,6.5,6.5,10
413,8.333333333,6.5,7.333333333,6.833333333,7,8
414,3.666666667,3,3,3.333333333,4,5
415,7.333333333,2,5,4.833333333,5,7
416,10,2.75,5.666666667,7.5,6.5,10
417,7.666666667,0.75,5,4.5,6,7
418,2,3.5,8.666666667,7.166666667,9.5,9
419,7.666666667,3.75,8.666666667,7.666666667,9,10
420,9.333333333,5.25,5.333333333,7.333333333,5,10
421,6.333333333,6.5,6,6.666666667,3.5,5
422,10,5.25,8.333333333,9,7.5,10
423,6,3.5,5,4.833333333,5.5,10
424,7,1.25,5.333333333,4.833333333,7,6
425,7.333333333,7,7,6.333333333,6,7
426,2,0.5,2,4,5,6
427,5.666666667,4.5,6,5.333333333,4.5,7
428,5.666666667,0,5.333333333,3.5,5,7
429,10,8.75,10,10,10,10
430,5.666666667,2.75,3.666666667,3.833333333,2.5,7
431,8.666666667,3.75,6,6.5,6.5,8
432,5,5,8.333333333,6,6.5,9
433,7.666666667,4.75,5,5.166666667,4,10
434,7,4.75,5.333333333,5.333333333,7,9
435,10,3,2.333333333,1.666666667,0,10
436,9.333333333,6.5,7,7.5,7,10
437,5,3,2.333333333,2.333333333,2.5,5
438,3.333333333,2.75,4,6.833333333,6,10
439,0,3.75,5,4.666666667,5,6
440,7.333333333,6.25,6.666666667,7.5,7,8
441,7,7,7,7,7,10
442,1.333333333,1.75,1.333333333,1.833333333,2.5,2
443,7.333333333,3.25,6,5.333333333,6.5,9
444,5.333333333,0.5,3.333333333,5,4.5,7
445,10,3.25,7,5,5,10
446,4.666666667,5.25,4.333333333,5.166666667,4,4
447,10,1.25,4.666666667,5.333333333,5,10
448,8.666666667,9,8,8.833333333,8,10
449,10,2,0,9.166666667,4.5,10
450,6.333333333,2,5,4.333333333,6.5,7
451,5.666666667,4.5,6,5.666666667,6,8
452,7,5.25,5,5.5,5,7
453,9.666666667,9.75,9,9.333333333,9.5,10
454,9.666666667,2.25,4.333333333,4.333333333,6.5,10
455,10,10,10,5.333333333,6,10
456,6.666666667,3.25,3,4.666666667,5.5,10
457,9,3.5,5.666666667,9,5.5,10
458,5.666666667,5.75,6.333333333,6.666666667,6,6
459,5.333333333,5,5,5.666666667,5,7
460,5.666666667,3.5,5,4.833333333,4.5,7
461,7.666666667,0.5,2,6.333333333,4,9
462,10,3.75,5,5.833333333,6,10
463,6.333333333,5,6.333333333,5.333333333,5,6
464,5.333333333,0,0.666666667,5.666666667,3.5,9
465,10,10,10,9.333333333,9.5,10
466,6.666666667,6.75,7,6.833333333,7.5,10
467,7.666666667,6,6.666666667,6.5,7.5,7
468,3,0,0,2.833333333,3,8
469,8.333333333,4.25,4,3.666666667,4,10
470,6,2,4,2,5,8
471,8,4,4,4.833333333,5,7
472,4.333333333,4.75,4.333333333,5.166666667,5.5,5
473,6.333333333,3,4.333333333,6.5,4.5,7
474,5,6,4.666666667,5,6.5,8
475,9.333333333,9.5,9.666666667,7,10,10
476,6.333333333,6.25,6,7.166666667,7,3
477,8.666666667,1.5,3.333333333,6.166666667,2.5,7
478,5.666666667,2,2,4.666666667,3.5,6
479,7.333333333,3.25,7,3.666666667,3,9
480,6,3.5,7.666666667,7.166666667,6.5,6
481,4,2.25,3.333333333,6.166666667,6,9
482,6,6,8.666666667,7.333333333,3,1
483,9,0,3,2,1,10
484,8.333333333,2.5,7.666666667,2.833333333,5,10
485,2.666666667,6.5,5,4.333333333,5,1
486,7.333333333,5.75,6.333333333,6,6.5,7
487,5.666666667,1.25,5,5.5,4,8
488,3.333333333,3.75,5,3.333333333,5,10
489,7.333333333,5.5,6.666666667,6.5,7,7
490,10,10,10,10,10,10
491,10,10,10,10,10,10
492,8.333333333,7.5,6.666666667,6.833333333,7.5,9
493,10,10,9.333333333,5.166666667,8,10
494,7,0,3.333333333,6.833333333,3,10
495,5,1.25,5,4.166666667,5,10
496,5.666666667,5,5,4.5,5,6
497,7,2.75,7,5.5,7,8
498,5.666666667,6,6,5.833333333,6,6
499,8.666666667,7.5,10,8,8,10
500,8,5.5,5.333333333,5.5,5.5,8
501,5,6,5.333333333,5.5,5.5,7
502,6.333333333,3.5,5,6.166666667,4.5,8
503,8,5,6.666666667,5,5,8
504,6.666666667,0,0,5,5,10
505,7.333333333,6.5,7.666666667,6.166666667,9,9
506,5.666666667,3,3,3.333333333,4,7
507,8.666666667,2.5,5.333333333,4.666666667,6.5,6
508,10,10,10,5.333333333,5,10
509,8,7,6.666666667,8,7.5,8
510,8,4.25,6.666666667,5,4,8
511,9.333333333,0.25,3.333333333,3,4.5,10
512,10,3.75,5,5,5,10
513,7,7,7,5,5,7
514,4.666666667,5.75,6,5.333333333,5,8
515,5,3.75,5,6,5.5,0
516,7,7,7,7,7,7
517,9.666666667,6,7.333333333,7.666666667,7,8
518,7.666666667,4.5,5.333333333,5.5,4,8
519,5,3.75,5,5,5,8
520,8.333333333,8.25,7.666666667,8.166666667,8,10
521,8,1,2,5.5,4.5,8
522,6.666666667,7.25,7,6.5,7,7
523,6,8.25,8.333333333,8.333333333,9,9
524,0,0.75,3,2.166666667,2.5,8
525,7,3,6,5.666666667,4.5,8
526,5,3,3.333333333,4,4.5,2
527,5,2,7.666666667,7.333333333,7.5,7
528,10,6.75,10,6.333333333,6,10
529,10,10,10,10,10,10
530,7,4.25,5.666666667,7,5,8
531,7,3,4,5.833333333,5,8
532,10,3,4.333333333,6,2.5,10
533,6,5.25,7,8,7,6
534,6,5,7,6.333333333,6.5,7
535,8,8.25,8.666666667,7.666666667,8,3
536,10,10,10,10,10,10
537,8,5.25,8,7.5,9,9
538,10,7.5,10,9.333333333,10,10
539,10,2.5,5.666666667,7,7,10
540,3.333333333,0,1.666666667,1.333333333,5,7
541,3.333333333,0.25,0,1.666666667,0,10
542,6.333333333,8.25,9.333333333,8.5,7.5,10
543,3.333333333,4.5,6.666666667,4.666666667,6,10
544,8.333333333,2.5,7.333333333,3.333333333,3,6
545,0,0,0,0,0,0
546,6,5,6.333333333,5.333333333,6.5,8
547,6,5.5,6.333333333,6,5.5,8
548,6.333333333,3.75,6.333333333,5.333333333,5,7
549,7.333333333,4,5,5,4.5,7
550,6.666666667,7.5,10,3.666666667,7.5,10
551,6,6.5,9.333333333,7.5,6.5,10
552,7,5.75,6,6,6,7
553,6.333333333,0,4,5,5,8
554,9.333333333,7.25,6.666666667,8.833333333,7.5,10
555,7,4.5,6,6,7,8
556,6.666666667,4.5,2,5.666666667,6,10
557,9.333333333,5.25,9.666666667,6.166666667,6.5,10
558,10,10,10,10,10,10
559,0,0,0,0,0,0
560,5,2.75,3.333333333,8.833333333,4.5,10
561,8.333333333,5.25,8,5.333333333,6.5,10
562,4.333333333,4,4.666666667,6.166666667,8,7
563,5.666666667,2.5,3.666666667,2.666666667,4,7
564,8.666666667,8.5,8.666666667,8.5,9.5,10
565,8.666666667,0.75,1.666666667,4.166666667,5,10
566,5,5,5,5,5,5
567,6,2.5,4.666666667,6,4.5,6
568,3.333333333,0,0,3.166666667,2.5,10
569,9.666666667,9.25,8.666666667,8.5,9.5,9
570,8.333333333,5,5.333333333,6,5,10
571,6.666666667,3.75,5,1.666666667,2.5,10
572,6.333333333,6.75,6,6.833333333,5.5,8
573,10,3.75,5,4,5,10
574,5.333333333,5,5.333333333,6.333333333,6,7
575,8,5,6.333333333,3.833333333,6,10
576,4,0.25,0,7.166666667,3.5,10
577,10,0,2,7.666666667,6.5,10
578,9,5,5.333333333,7,7,10
579,3.333333333,0,0,5.666666667,2.5,10
580,0,2.25,4,4.5,2.5,10
581,8,6.5,8.333333333,3.666666667,7,10
582,4.666666667,4.75,7,5.833333333,3,10
583,6.666666667,8.25,6.666666667,6.666666667,7,9
584,7.333333333,7,6,5.666666667,7,8
585,9,0,1.333333333,6.166666667,5,10
586,9,2.25,10,6.5,5.5,7
587,10,10,10,10,10,10
588,5.666666667,3,5.666666667,3,2,7
589,10,6.25,5,10,10,10
590,10,10,10,10,10,10
591,8,4,7.333333333,6.666666667,5.5,8
592,6.666666667,5,5,3.833333333,5,10
593,5.666666667,4.5,5,4.5,4,6
594,9,0,0,4.833333333,2,10
595,7,0.75,8,1.833333333,3,10
596,8.666666667,5.75,7.333333333,6.166666667,5,9
597,7.333333333,9.25,9.666666667,9.5,9.5,10
598,6,3,4.666666667,4.833333333,4,7
599,3.666666667,0.75,6,5.333333333,5,10
600,5.333333333,0,0,4.5,2.5,7
601,10,10,10,10,10,10
602,6,6.25,3,3,3,10
603,6.666666667,7.25,8,5,5.5,10
604,8.666666667,3.5,6,6.5,6.5,9
605,6,0.5,2,4,3,8
606,8,8,8,7,7.5,8
607,3.666666667,0.25,2.333333333,5,4,8
608,5.333333333,4,8.333333333,9.5,8,10
609,5,5,5,5,5,8
610,3,3.25,5,2.166666667,3.5,7
611,10,10,10,10,10,10
612,6.333333333,0.75,0.666666667,1,2.5,10
613,9,0.25,1.333333333,7.333333333,5,10
614,5,0,2.333333333,2.166666667,1,6
615,9.333333333,3,7,5.166666667,5.5,9
616,10,10,10,10,10,10
617,6,2,3,6.166666667,6.5,9
618,6,5,6,6.666666667,6,10
619,10,10,10,10,10,10
620,3.666666667,3.75,4,4.666666667,5,6
621,7.333333333,6,6.666666667,6.833333333,7,8
622,7.666666667,3,2.666666667,6.333333333,5.5,10
623,5,0.75,0.666666667,5,3.5,8
624,5.666666667,0,3.333333333,2.666666667,4,8
625,5.666666667,3.75,5.666666667,5,5,8
626,9.333333333,9.5,9.333333333,7.833333333,8,10
627,7.666666667,7.25,7,7.666666667,7.5,10
628,8,6.75,6.333333333,7.833333333,4.5,10
629,5,0,1.666666667,5.166666667,5.5,5
630,6.333333333,1.25,5.666666667,5,4.5,10
631,6.333333333,2.75,4.666666667,6.833333333,6.5,9
632,10,10,10,10,10,10
633,5.666666667,0,1.333333333,2.5,3.5,8
634,5.666666667,5.75,5.666666667,6,5,7
635,5,3.5,5.333333333,6.666666667,5,9
636,0,0,6.666666667,1.666666667,0,6
637,9.333333333,3.75,4.333333333,4,4,10
638,6,5.75,5.666666667,5.666666667,6,8
639,4,2,2,2.666666667,2.5,8
640,9.666666667,0,0,5,5,10
641,7.333333333,6,5.666666667,5.333333333,5,7
642,5,5,5,5,5,5
643,5,1.25,4.666666667,3.166666667,5,7
644,3.333333333,0,0,5,5,8
645,6.333333333,6.25,6.333333333,6.333333333,6,9
646,8,3,6.333333333,6.5,5,8
647,10,1.25,0,4.333333333,5.5,10
648,0,0,0,1.166666667,0,10
649,5.666666667,1,2.333333333,5,1,8
650,6.666666667,6.5,6.666666667,7.333333333,8,8
651,4.333333333,5.5,6.666666667,4.833333333,4,10
652,7.666666667,2.5,6,7.666666667,6,10
653,10,0,10,9.333333333,7.5,10
654,10,2.5,5,6.833333333,8,10
655,10,0,6.666666667,7,7.5,10
656,8,2.25,5.666666667,6.5,6,10
657,4.333333333,3,3.666666667,3.333333333,3,5
658,5,5,5,5,5,10
659,8,6.5,8,8,8,8
660,0,0,0,9.166666667,10,10
661,9,4.75,3.666666667,3,4,10
662,10,3.5,0,3.5,0,7
663,10,6,9,7.166666667,10,10
664,8.666666667,0,6.666666667,6.166666667,5,7
665,5,3.75,5,8.5,6,10
666,10,10,10,6.166666667,5,10
667,5.333333333,0,0.666666667,3.833333333,2.5,5
668,2.333333333,1.25,1,2.166666667,2,8
669,5.666666667,0,6,7.833333333,5,10
670,9.666666667,1.5,4,6.5,6,10
671,5.666666667,2.75,3,5.166666667,3,6
672,5,0,1.666666667,2.5,3,7
673,6,4,4.666666667,5.5,5,6
674,8.666666667,1.25,6.333333333,5.166666667,5,10
675,1.333333333,6.25,5.333333333,6.333333333,7.5,4
676,9.666666667,6.25,9.666666667,8.5,6,10
677,6,6,6,5.833333333,4.5,10
678,4,0,0,0,0,7
679,5.666666667,1.25,2.333333333,2.333333333,7,8
680,6.666666667,1.25,4,6.5,5,10
681,8.333333333,3.25,6,7,4,10
682,9,8.5,9,8.166666667,9,9
683,8.666666667,7.75,8,8.833333333,8,10
684,8.666666667,7,8,7.833333333,9,8
685,7.333333333,3.75,6.666666667,6.833333333,7,10
686,7.666666667,5.75,10,10,10,10
687,8,0.75,1.666666667,5.666666667,3.5,8
688,9,3.75,5.333333333,5.666666667,5.5,10
689,7.333333333,2,4.333333333,2.5,4,8
690,8.666666667,7.5,10,6.166666667,8,10
691,5.666666667,4.5,4.666666667,5.5,4.5,6
692,6.666666667,0,3,5,5,10
693,8,9,9,9.166666667,10,10
694,10,6.5,3,4.333333333,2.5,10
695,9.333333333,3,6.333333333,7.833333333,7.5,10
696,7.333333333,2,7,6.333333333,7,10
697,10,7.25,7,7.833333333,5,10
698,8.333333333,7.25,9,5.5,8,7
699,6.666666667,4.5,0,8.166666667,9,10
700,6.666666667,1.25,0,10,7.5,10
701,6,7,7,6.833333333,6.5,8
702,8,4.75,7.666666667,9.666666667,7.5,9
703,7.666666667,8,9,7.5,5,10
704,10,10,10,9.333333333,5,10
705,5.666666667,3.75,9,6.333333333,6,10
706,5.666666667,0,0,3.333333333,3,8
707,7.333333333,5.75,7.333333333,6.333333333,6.5,9
708,4.333333333,3.75,4,4.166666667,4.5,9
709,10,3.5,4.666666667,4.833333333,5,10
710,9,3.5,9,7,5.5,9
711,7.666666667,7.25,7.333333333,7.666666667,8,8
712,9.666666667,2,3.666666667,4.333333333,5.5,9
713,7.666666667,8.25,7.666666667,7.333333333,7.5,7
714,5,5,4.666666667,5.5,5,7
715,4,0,0,5.166666667,4,7
716,7.666666667,8,8,7.5,7.5,8
717,3.333333333,3.5,8.666666667,3.666666667,5.5,10
718,5.333333333,2.25,8.666666667,7.666666667,6.5,8
719,10,0.75,2.666666667,8.833333333,8,10
720,1.666666667,0.25,1.333333333,0.833333333,1.5,6
721,10,0,1.666666667,4,4.5,10
722,10,0,3.333333333,5.166666667,7,10
723,6.666666667,1.25,8,6.166666667,6,10
724,6.333333333,3.75,5,6,5,7
725,5,4.25,5.333333333,5.666666667,5,7
726,8.333333333,0.25,5,8.333333333,10,10
727,5,5,5,5,5,7
728,5.666666667,7,7,4.333333333,7,10
729,8,8,8,8,8,8
730,7,4.25,5.333333333,2.333333333,5,10
731,2.333333333,0,0,4.333333333,5,10
732,9.666666667,3.75,2,8.166666667,7,10
733,5,4.25,5,5,5,6
734,6,0,6,6.5,4.5,7
735,7.666666667,5.25,5.333333333,5.333333333,5,8
736,8,5,5,5,5,9
737,10,4,1.333333333,8.333333333,2,10
738,5.666666667,4,4,4.166666667,4,5
739,10,0,10,10,7,10
740,7,0,4.333333333,6,4,7
741,10,10,10,10,10,10
742,6,0.25,0,1.166666667,5,7
743,7.666666667,3.75,6.333333333,6.166666667,7,9
744,10,10,10,10,10,10
745,9,6.25,6.666666667,8.166666667,7.5,9
746,7,1.5,7.666666667,7.5,9,10
747,10,5,5.333333333,6.666666667,6.5,9
748,5,5,5,2.333333333,5,10
749,8,0.75,7.333333333,6.5,5.5,4
750,5.666666667,4.5,6.333333333,8.333333333,7.5,10
751,9.666666667,2.25,4.333333333,3,7,9
752,5,5,5,5,5,5
753,6.666666667,3.75,8,8.833333333,7.5,9
754,10,6.75,9.333333333,9.333333333,9,10
755,10,10,10,10,10,10
756,7.333333333,0,5,5.5,5,8
757,0,3.75,5.333333333,6.333333333,5,8
758,10,0,4.666666667,5.333333333,10,10
759,7.666666667,1.5,3,1.666666667,3.5,9
760,8.333333333,5.75,7.333333333,3.666666667,5.5,10
761,8.666666667,5.5,8.333333333,7.333333333,8,10
762,10,10,10,5,5,5
763,10,10,10,10,10,10
764,3.333333333,4,5,1.833333333,3.5,8
765,9,3.5,7,9,10,10
766,6.333333333,7,8,8.666666667,8,10
767,6,1.25,1.333333333,2.166666667,1.5,4
768,5.666666667,2,4.333333333,3.166666667,4,6
769,2.333333333,4.25,6.666666667,0.833333333,3,10
770,6.333333333,3,7,3.833333333,5,8
771,5,5,5,5,5,5
772,6.333333333,6.5,6.333333333,6.666666667,6,8
773,6,4.75,5,5,5,6
774,5,4.25,4.333333333,2.333333333,4,7
775,4.333333333,4,4.666666667,4.833333333,5.5,8
776,6.333333333,3.5,2.666666667,3.166666667,3,10
777,10,3.75,5,4.5,3.5,10
778,6,2.5,5,3.5,5.5,6
779,6.333333333,4.75,7,7.166666667,8,9
780,10,10,10,10,10,10
781,6.666666667,2.25,3,4,4,7
782,10,3,5,5.5,5,10
783,6.666666667,0,0,3.333333333,4.5,10
784,5,0,1.666666667,1.333333333,2,8
785,4,6.75,6.333333333,5.333333333,5,8
786,10,10,10,10,10,10
787,4.666666667,5,4,5.166666667,5,3
788,10,10,9.666666667,10,9.5,10
789,8,2.25,2.666666667,3.333333333,1.5,10
790,5,0,0,0,0,5
791,2.666666667,0,0,4.666666667,5,8
792,10,5.5,1.333333333,5.166666667,2,10
793,5,6,5.333333333,6.333333333,7,7
794,8,7.25,8.333333333,7.666666667,8.5,8
795,7,7,7,7,7,6
796,10,2.5,6,8.666666667,5,10
797,7.666666667,0,5,6.833333333,6.5,10
798,9.333333333,8.5,6.333333333,5.666666667,6.5,10
799,6.333333333,5,5,4,6,10
800,5.333333333,5.5,5.333333333,5.833333333,3.5,10
801,7.666666667,6.25,4,4,4,9
802,10,2.75,5.333333333,4.5,5,8
803,8.666666667,5.5,8,6.166666667,7.5,10
804,5.666666667,5,6,5.166666667,5.5,6
805,4.666666667,1,1,1.166666667,1,9
806,7.666666667,7.75,8.333333333,7.833333333,7,7
807,5.333333333,4.75,4.666666667,5.333333333,4.5,7
808,5.333333333,7,7,5.666666667,6.5,3
809,7,0,5.666666667,5.333333333,5,7
810,7.666666667,1.5,4,5.333333333,4,10
811,10,8.75,9.333333333,8.166666667,8.5,10
812,10,10,10,10,10,10
813,8.333333333,2,8.666666667,6.5,5.5,9
814,5.333333333,5.25,5,4.166666667,4.5,9
815,5.333333333,0,1.333333333,5.333333333,3,8
816,6,3,5.333333333,5,5,7
817,5,4.25,6.666666667,7.666666667,6,5
818,10,3.75,6.666666667,5.833333333,5,10
819,6,5.75,5.333333333,6,6,6
820,7.333333333,5.75,5,5.666666667,6,9
821,9,3,4,3,4,8
822,10,2.25,4.666666667,4.166666667,3,10
823,5,1,1,1.833333333,1.5,5
824,6,6.5,7,6,6,10
825,7.333333333,4.25,5,7.333333333,7,8
826,9,1,1,7.666666667,3,8
827,5.333333333,4.75,5.666666667,8.833333333,7.5,7
828,9,2,6.333333333,4.666666667,5,9
829,6.666666667,1,5,3,5,10
830,8.333333333,1,6.333333333,5.5,3.5,10
831,8.666666667,8,8.666666667,8.333333333,8,9
832,5.333333333,5.25,5,5.833333333,6,6
833,5,5,5,5.5,5,7
834,5.666666667,6.5,6,6.5,5.5,6
835,6.333333333,6,6,6,6,6
836,3.333333333,0,0.666666667,4.833333333,0,5
837,10,10,10,10,10,10
838,10,8,8,5.166666667,6,7
839,10,2.75,8.333333333,9,10,10
840,4,8.5,6.333333333,4.666666667,8.5,9
841,10,10,6.333333333,6.166666667,7,10
842,10,2.75,2.666666667,7.5,8,10
843,2,2,2,4,3.5,8
844,6.666666667,2.75,3.666666667,3,4,8
845,6.333333333,5,10,6.666666667,3.5,10
846,8,9.25,10,9.5,10,8
847,6.666666667,5,5,5,5,10
848,5.666666667,0,1.333333333,5.166666667,2.5,7
849,10,9.5,9.666666667,8.5,9.5,10
850,6.333333333,2,3,3.833333333,3,6
851,6.333333333,7.25,6.333333333,6,6.5,8
852,5,4.25,5,3,4.5,6
853,7.333333333,4.5,8,5.666666667,4,8
854,7.333333333,7,6.666666667,6.5,7,8
855,6.666666667,0,0,4.166666667,5,10
856,10,10,10,10,10,10
857,2.666666667,0,0,0,2.5,5
858,8.666666667,0,0,5.5,3,10
859,9,9.25,9,9.166666667,9.5,9
860,8.333333333,5.75,5,6.833333333,10,10
861,7,5,7,6.666666667,6,7
862,7.666666667,8.5,6.666666667,6.5,7,8
863,7,4,5.333333333,5.666666667,5,8
864,5.333333333,5.25,4.666666667,6,6.5,3
865,10,4,5.333333333,1.5,2.5,10
866,9.666666667,10,10,9.666666667,9.5,10
867,10,10,10,10,10,10
868,8,8.75,10,9.5,10,9
869,10,7.25,6.666666667,10,10,10
870,8.333333333,7.75,4.666666667,6,6.5,9
871,9.333333333,10,10,9.5,9.5,10
872,6,4.5,3.333333333,4.666666667,6,8
873,0,0,0.333333333,0.666666667,3,0
874,10,3.75,7,4.166666667,6,10
875,10,2.75,0,10,6,10
876,6,5.5,6.666666667,6.166666667,7,7
877,7.666666667,1,2.333333333,8.333333333,6.5,8
878,4.666666667,0,0,0,0,10
879,8,0.25,0,0.833333333,0,10
880,6.666666667,0.25,0,4.333333333,4.5,9
881,10,10,10,10,10,10
882,6.666666667,7.5,7,8,9.5,9
883,5.333333333,0.5,1.666666667,4.666666667,3.5,8
884,5.666666667,4,4.333333333,4,4.5,9
885,6.333333333,6.25,7.333333333,7.333333333,8,8
886,8,7.25,8,8,7.5,9
887,4.333333333,6,6.333333333,5.166666667,5.5,5
888,6.333333333,7,4.666666667,6.333333333,10,8
889,8.333333333,7.75,5.333333333,6.833333333,7,10
890,9,6,9,6.5,7.5,9
891,8,4.5,3.333333333,7.166666667,4,9
892,8,5.25,5.666666667,6.666666667,7,10
893,10,5.75,10,10,10,10
894,10,4.75,4.666666667,5.5,4.5,10
895,10,1.25,4.333333333,9.333333333,6,10
896,7.666666667,5.25,4.666666667,4.5,5,8
897,3.333333333,4.25,2.666666667,3.833333333,4,4
898,7.333333333,2,5.333333333,5.333333333,4,7
899,10,5,10,10,10,10
900,6,0.25,5,3.333333333,4.5,8
901,5,7.25,7.333333333,6.5,7,9
902,9.333333333,8.75,9.666666667,7.666666667,9,10
903,0,0.25,0,0,0,0
904,5,4.5,6.666666667,7.166666667,6,7
905,7.666666667,2.5,0,2.666666667,5,8
906,4.333333333,1.5,7.333333333,5.166666667,3,10
907,8,8,8,7.5,8,8
908,5,3.75,4,3.666666667,3,10
909,10,10,10,10,10,10
910,6.333333333,4,5.333333333,7.5,3.5,7
911,6.666666667,6.5,7.666666667,8.5,8,5
912,6.666666667,0,6,4.833333333,5,10
913,9.666666667,3.5,0,8,5.5,10
914,10,0.25,0,10,10,10
915,7,5.25,7,5.333333333,5,7
916,8,5,7.333333333,7.833333333,7.5,10
917,10,8.5,7.666666667,8,7.5,10
918,7.333333333,7.75,8,7.333333333,7,10
919,8.333333333,3.75,5,5,5,10
920,3.333333333,3.5,5,4.333333333,5,7
